rank,player,tier,team,pos,flags,note
1,Nikola Jokic,1,DEN,C,,Best points player alive. 55 double doubles and triple double bonuses.
2,Victor Wembanyama,1,SAS,C,*,"3.1 blocks a game, and blocks are worth 3 points. Starred injury prone, so watch his minutes."
3,Giannis Antetokounmpo,2,MIA,PF/C,,"Now in Miami next to Bam. Played 36 games last year, so his role and health are both questions."
4,Luka Doncic,2,LAL,PG/SG,*,Top 2 in your scoring. Reaves is back. Kessler starts next to him.
5,Shai Gilgeous-Alexander,2,OKC,PG,,"Safest top 5 pick. 68 games, elite scoring and steals."
6,Cade Cunningham,2,DET,PG/SG,,Near 10 assists a game with 38 double doubles. Strong floor.
7,Jalen Johnson,3,ATL,SF/PF,,"49 double doubles. Yahoo/ESPN have him 20th, but he grades out 6th in your scoring. Keep him here."
8,Jayson Tatum,3,BOS,SF/PF,,Played 16 games after his Achilles. Full season this year. Points math is low only because of the small sample.
9,Anthony Edwards,3,MIN,PG/SG/SF,,
10,Tyrese Maxey,3,PHI,PG/SG,,"Led the NBA at 38 minutes a game. Philly added LeBron and Jaylen Brown, so expect fewer minutes."
11,Karl-Anthony Towns,3,NYK,PF/C,,"56 double doubles last year, most in the league."
12,Scottie Barnes,3,TOR,SF/PF/C/SG,,
13,Donovan Mitchell,4,CLE,PG/SG,,
14,Trae Young,4,WAS,PG,,Shares the ball with Davis and Dybantsa in Washington. Played 15 games last year.
15,Josh Giddey,4,CHI,PG/SG,DR,Triple double threat. Yahoo/ESPN have him around 30.
16,Tyrese Haliburton,4,IND,PG/SG,,Missed all of last season with a torn Achilles. Indiana may ease him back. Listed day to day.
17,Amen Thompson,4,HOU,PG/SG/SF/PF,,"37.4 minutes a game, played 79 games. Steady."
18,Alperen Sengün,4,HOU,PF/C,,Double doubles plus steals and blocks. A points league monster.
19,Cooper Flagg,4,DAL,SG/SF/PF/PG,DR,Year 2 breakout pick. Kyrie is back. Grades out 34th in your scoring.
20,Stephen Curry,5,GSW,PG,*,"Age 38, played 43 games. Expect some rest days."
21,Jalen Brunson,5,NYK,PG,,"Almost no steals or blocks, and those count triple here."
22,Jamal Murray,5,DEN,PG/SG,*,Played 75 games. Grades out 18th in your scoring.
23,Evan Mobley,5,CLE,PF/C,,
24,James Harden,5,CLE,PG/SG,,
25,Kevin Durant,5,HOU,SG/SF/PF,,Played 78 games at age 38. The market takes him around 14 to 17.
26,Devin Booker,5,PHX,PG/SG/SF,,Grades out 36th in your scoring. The market pays for his name.
27,Jalen Duren,5,DET,C,,41 double doubles.
28,Paolo Banchero,5,ORL,PF/SF,DR,
29,Jaylen Brown,5,PHI,SG/SF/PF,,"Now in Philly with Maxey, LeBron and Embiid. His usage takes a hit."
30,Bam Adebayo,5,MIA,PF/C,,Giannis arrival cuts his touches.
31,LaMelo Ball,6,MIN,PG,*,Now in Minnesota. Starred injury prone.
32,Pascal Siakam,6,IND,PF/C/SF,,
33,Walker Kessler,6,LAL,C,DR,"Starting C next to Luka. Jammed finger in preseason, coach not concerned. Played 5 games last year."
34,Deni Avdija,6,POR,SG/SF/PF,,"Starting in Portland. Sharpe is out about 6 months, which helps his usage."
35,Brandon Miller,6,CHA,SF/PF/SG,DR,"Yahoo/ESPN 68, consensus 53. Still ranked high here."
36,Michael Porter Jr.,6,BKN,SF/PF,,Day to day. Grades out 33rd in your scoring.
37,Kawhi Leonard,6,TOR,SG/SF/PF,*,"Now in Toronto, age 35. Has not played 70 games since 2017."
38,Julius Randle,6,BKN,PF,,Big usage in Brooklyn.
39,Franz Wagner,6,ORL,SF/PF,,
40,Austin Reaves,6,LAL,PG/SG/SF,*,Yahoo has him 20th. Missed preseason time.
41,Jaren Jackson Jr.,6,UTA,PF/C,DR,"Nurkic is out 4+ weeks, so more center minutes for him early."
42,LeBron James,6,PHI,SF/PF,*,Turns 42. Philly will rest him for the playoffs. Grades out 28th in your scoring.
43,Ivica Zubac,7,IND,C,,Starting C next to Haliburton.
44,Lauri Markkanen,7,UTA,SF/PF,,Played 42 games. Grades out 19th in your scoring.
45,Jalen Williams,7,OKC,SF/PF/SG,,Healthy after an injury year. Could have a career season.
46,Donovan Clingan,7,POR,C,DR,"37 double doubles, 1.7 blocks."
47,Zion Williamson,7,NOP,PF/C/SF,*,Has passed 60 games twice in 7 seasons.
48,Chet Holmgren,7,OKC,PF/C,* DR,1.9 blocks a game. Yahoo has him 18th.
49,Kyrie Irving,7,DAL,PG/SG,*,Back from an ACL tear that cost nearly two years.
50,Darius Garland,7,LAC,PG,*,
51,De'Aaron Fox,7,SAS,PG/SG,*,
52,Brandon Ingram,7,LAC,SG/SF/PF,*,
53,Tyler Herro,7,MIL,PG/SG,*,
54,Ja Morant,7,POR,PG,*,
55,Keyonte George,7,UTA,PG/SG,DR,
56,Nickeil Alexander-Walker,7,ATL,PG/SG/SF,,
57,Desmond Bane,8,ORL,SG/SF,,
58,OG Anunoby,8,NYK,SF/PF,,
59,Derrick White,8,BOS,PG/SG,,
60,Joel Embiid,8,PHI,C,,"Played 38 games, but grades out 11th per game. Value if he slides past round 4."
61,Stephon Castle,8,SAS,PG/SG,,
62,Alexandre Sarr,8,WAS,C/PF,DR,
63,Naz Reid,8,CHA,PF/C,,
64,Trey Murphy III,8,NOP,SG/SF/PF,,
65,Rudy Gobert,8,MIN,C,,
66,Onyeka Okongwu,8,ATL,C/PF,,Blocks plus threes. Grades out 56th in your scoring.
67,Kel'el Ware,8,MIL,C/PF,,Grades out 112th in your scoring.
68,Jarrett Allen,8,CLE,C,,Reliable double doubles.
69,Damian Lillard,8,POR,PG,,Back from an Achilles tear at age 36. Portland is crowded at guard.
70,Dejounte Murray,8,NOP,PG/SG,,Back from an Achilles. Focal point in New Orleans.
71,Dyson Daniels,8,ATL,SG/SF/PG,,"2 steals a game, worth 6 points alone."
72,Cameron Boozer,9,MEM,PF,ROOKIE,"Top rookie for your format. Starts day one, double double profile."
73,Kon Knueppel,9,CHA,SG/SF/PG,,"Hamstring. Out for preseason, opening night uncertain."
74,Mikal Bridges,9,NYK,SF/PF/SG,,
75,Caleb Wilson,9,CHI,PF/SF,ROOKIE,Starter in Chicago. 2.5 blocks a game in Summer League.
76,Paul George,9,BOS,SF/PF,*,Played 37 games. Grades out 64th in your scoring.
77,AJ Dybantsa,9,WAS,SF,ROOKIE,"No. 1 pick and focal point, but shares the ball with Trae and Davis."
78,Ausar Thompson,9,DET,SG/SF/PF,,"2 steals a game, but only 9.9 points."
79,Darryn Peterson,9,UTA,SG/PG,ROOKIE,Locked in as a starter in a crowded Utah backcourt. Slow start expected.
80,Fred VanVleet,9,HOU,PG/SG,,"Torn ACL, missed all of last year. Age 32."
81,Jaden McDaniels,9,MIN,SF/PF,,Grades out 117th in your scoring.
82,Myles Turner,9,MIL,C,,
83,Dylan Harper,9,SAS,PG/SG/SF,,
84,Miles Bridges,9,PHX,PF/SF,,
85,Nicolas Claxton,9,CHI,C,,Listed OUT. No details confirmed.
86,Ryan Rollins,9,MIL,PG/SG,,"1.5 steals, played 74 games. Grades out 68th in your scoring."
87,Coby White,9,CHA,PG/SG,,
88,Kevin Porter Jr.,9,MIL,PG/SG,,2.2 steals a game. Grades out 38th in your scoring. Played 38 games.
89,Zach Edey,9,MEM,C,,Played 11 games. Looking good in camp.
90,Saddiq Bey,10,NOP,SF/PF,,
91,Andrew Wiggins,10,MIA,SG/SF/PF,,More shots in Miami with Powell and Herro gone.
92,Matas Buzelis,10,CHI,SF/PF,,
93,Norman Powell,10,CHI,SG/SF,,
94,P.J. Washington,10,DAL,PF/C/SF,,
95,RJ Barrett,10,TOR,SG/SF/PF,,
96,Payton Pritchard,10,BOS,PG/SG,,
97,Collin Murray-Boyles,10,TOR,PF/C,,Not a rookie. Projects as backup to Barnes.
98,Jalen Green,10,PHX,SG/SF/PG,,
99,DeMar DeRozan,10,DEN,SF/PF,,
100,Josh Hart,10,NYK,SG/SF,,
101,Jabari Smith Jr.,10,HOU,PF/C/SF,,
102,Aaron Gordon,10,DEN,PF/C,,
103,Immanuel Quickley,10,TOR,PG/SG,,
104,CJ McCollum,10,ATL,PG/SG,,
105,Maxime Raynaud,10,SAC,C/PF,,
106,John Collins,10,DET,PF/C/SF,,
107,VJ Edgecombe,10,PHI,PG/SG,,
108,Moussa Diabaté,10,CHA,C/PF,,Running with Charlotte starters. Flier only.
109,Andrew Nembhard,10,IND,PG/SG,,
110,Ty Jerome,10,MEM,PG/SG/SF,,
111,Ajay Mitchell,10,OKC,PG/SG/SF,,
112,Darius Acuff Jr.,10,SAC,PG,ROOKIE,Favored to start at PG in Sacramento. Fits points leagues.
113,Cedric Coward,11,MEM,SG/SF,,
114,Derik Queen,11,NOP,PF/C,,
115,Keegan Murray,11,SAC,SF/PF,,
116,Kyshawn George,11,WAS,SG/SF/PF,,
117,Jrue Holiday,11,POR,PG/SG,,
118,Reed Sheppard,11,HOU,PG/SG,,
119,Nikola Vucevic,11,ORL,C,,ESPN has him 40th. Grades out 71st in your scoring.
120,Brandin Podziemski,11,GSW,PG/SG/SF,,
121,Keaton Wagler,11,LAC,SG/PG,ROOKIE,Strus foot injury could open minutes.
122,Zach LaVine,11,SAC,PG/SG/SF,,Listed OUT. No details confirmed.
123,Ayo Dosunmu,11,MIN,PG/SG/SF,,
124,Jalen Suggs,11,ORL,PG/SG,,
125,Jonathan Kuminga,11,MIN,SF/PF/C,,
126,Isaiah Hartenstein,11,OKC,C,,
127,Jared McCain,11,OKC,PG/SG,,
128,Toumani Camara,11,POR,SF/PF/C,,
129,Khaman Maluach,11,PHX,C,,
130,Yaxel Lendeborg,11,GSW,PF/SF,ROOKIE,Minutes while Butler and Moody are out.
131,Bobby Portis,11,MIA,PF/C,,
132,Grayson Allen,11,CHA,SG/SF/PG,,
133,Scoot Henderson,11,POR,PG/SG,*,
134,Mitchell Robinson,11,BOS,C,*,
135,Jaime Jaquez Jr.,11,MIL,SG/SF/PF,,Expected to start in Milwaukee after the Giannis trade.
136,Deandre Ayton,12,WAS,C,,
137,Luke Kennard,12,PHX,SG/SF/PG,,
138,Peyton Watson,12,CLE,SF/PF/SG,,
139,Bennedict Mathurin,12,NOP,SG/SF,,
140,Alex Caruso,12,OKC,SG/SF/PG,,
141,Ace Bailey,12,UTA,SF/PF/PG/SG,,
142,Devin Vassell,12,SAS,SG/SF,,
143,Neemias Queta,12,BOS,C,,
144,Bilal Coulibaly,12,WAS,SG/SF/PF,,
145,Jakob Poeltl,12,TOR,C,,
146,Cam Thomas,12,,,,Listed as a free agent.
147,Mark Williams,12,PHX,C,,Out after shoulder surgery. Extended absence.
148,Malik Monk,12,SAC,PG/SG,,
149,Anfernee Simons,12,PHI,PG/SG,,
150,Kristaps Porzingis,12,GSW,C/PF,*,Out indefinitely with an illness.
151,Jordan Poole,12,NOP,PG/SG,,
152,D'Angelo Russell,12,MEM,,,
153,Dennis Schröder,12,CHA,PG/SG,,
154,Daniel Gafford,12,DAL,C,,
155,Tari Eason,12,HOU,SG/SF/PF,,
156,Jaden Ivey,12,,,,
157,T.J. McConnell,12,IND,PG,,
158,Jerami Grant,12,MEM,SF/PF,,
159,Chris Boucher,12,,,,
160,Clint Capela,12,,,,
161,Buddy Hield,12,CHA,SG/SF/PG,,
162,Collin Sexton,12,LAL,PG/SG,,
163,Andre Drummond,12,NYK,C,,
164,Tobias Harris,12,SAS,PF/SF,,
165,Jeremy Sochan,12,,,,
166,Jonas Valanciunas,12,,,,
167,Duncan Robinson,12,DET,SG/SF,,
168,Dereck Lively II,12,DAL,C,,
